deformation,tension
0.24,52.000
18.75,5640.445
34.375,5254.434
50.000,4151.545
69.79178,4177.929
89.32303,4240.546
109.1146,4266.965
121.6144,4316.287
137.7607,4339.547
145.8336,3993.551
149.9998,119.843
152.3543,122.312